Rango,LP,Riot ID,V,D,WR%,Torneo
Challenger,2772,l cant leash#LAS,301,162,65,
Challenger,2592,Agusbob55555#Yuyos,268,145,65,
Challenger,2408,Kiefer#LASS,198,89,69,
Challenger,2378,sad and bad#ccc,497,348,59,
Challenger,2367,disasterology#猩红色,369,270,58,
Challenger,2327,VlaDzukill#ISLAค,238,156,60,
Challenger,2309,shuoiezaijian#H3ART,315,262,55,
Challenger,2278,gustavo#las1,239,173,58,
Challenger,2261,leo#ztd,180,116,61,
Challenger,2246,Nate#ruu,269,182,60,
Challenger,2166,RUN AWAY#727,264,187,59,
Challenger,2155,Netzeek#LΑS,319,257,55,
Challenger,2065,Sebarine#LAS,440,398,53,
Challenger,2062,Z h e i r 十#J G 纪,296,211,58,
Challenger,2047,Engine#MOT,354,287,55,
Challenger,2046,PRCM #LAS,351,265,57,
Challenger,2044,chovski#LAS,225,174,56,UC C
Challenger,2031,1SC1SC1SC1SC1SC1#1src1,372,328,53,
Challenger,1987,Nyvx#Mai,291,252,54,
Challenger,1951,SuricataSalvaje#Kick,409,371,52,
Challenger,1936,VladSuo#CR7,335,287,54,
Challenger,1928,Hatziven#HTW,167,101,62,
Challenger,1916,F1POWERPWNZ#lil,183,115,61,
Challenger,1911,Vincent#stars,170,89,66,
Challenger,1900,4eva 4ü#luna,170,117,59,
Challenger,1891,nostalgia#anna,295,217,58,
Challenger,1883,O Ren Ishii#JAPAN,326,272,55,
Challenger,1881,SUPER SERVER#LAS,215,170,56,
Challenger,1860,DarkLeo#LAS,207,158,57,
Challenger,1852,ivory tower#1975,304,227,57,
Challenger,1848,Fushi#LAS,304,248,55,
Challenger,1835,Knod#LAS1,297,239,55,
Challenger,1823,MAAAKIISHYYY#015,299,247,55,
Challenger,1822,un mid decente#CN1,195,148,57,
Challenger,1787,Djosebb#自己嫌悪,349,292,54,
Challenger,1760,Pichito#LAS1,204,165,55,USM A
Challenger,1748,Try again later#wow,156,101,61,
Challenger,1742,adiu chéri#Rêver,194,149,57,
Challenger,1729,kbzn#zzz,189,152,55,
Challenger,1722,Lantun#LAS,246,200,55,
Challenger,1702,rasharo#EKKO,188,149,56,
Challenger,1698,Taurito#XNP,377,334,53,
Challenger,1690,Mono con navaja#LAS1,241,193,56,
Challenger,1686,reneklein#CHL,468,428,52,
Challenger,1679,GitoFoxc#Gito,193,145,57,
Challenger,1674,Orenim#LAS,331,287,54,
Challenger,1668,Foxyhot#pisco,422,381,53,
Challenger,1667,jeresilva0#エリカ,532,491,52,
Challenger,1663,opportunities#LAS,307,259,54,
Challenger,1663,Pasky in Rain#00099,181,123,60,
Challenger,1654,Severity#666,159,114,58,
Challenger,1653,lyg#lass,333,270,55,
Challenger,1648,falling forever#1101,309,266,54,
Challenger,1641,cut hands#127,205,160,56,
Challenger,1621,Sufukato#Sufu,146,100,59,
Challenger,1619,pollo#VM2D0,414,368,53,
Challenger,1612,Devil Pancake#LAN2,277,192,59,
Challenger,1612,angel lain#H3ART,216,136,61,
Challenger,1611,my beloved zoe#712,242,184,57,
Challenger,1609,SpliittRiv#ARG,182,133,58,
Challenger,1604,rolË#1337,187,155,55,
Challenger,1603,wishing on stars#zzy,587,553,51,
Challenger,1600,Stand#LAS,460,428,52,
Challenger,1594,Stephon Castle#7x7x,196,165,54,
Challenger,1589,wiwi cat#meow,235,198,54,
Challenger,1578,Inƒernum#LAS,212,188,53,
Challenger,1578,treachery#bibi,154,112,58,
Challenger,1575,Arkiplex#LAS,376,334,53,
Challenger,1567,tears are data#369,293,274,52,
Challenger,1563,ZEN TomnaM#LAS1,211,178,54,
Challenger,1563,Cruel Summer#ARG,202,149,58,
Challenger,1562,zeynep#24420,132,40,77,
Challenger,1556,Unforgiven Teemo#3243,228,177,56,
Challenger,1554,KIERO KEKE#NIUS,346,324,52,DUOC
Challenger,1551,ElCuno#giogï,99,35,74,
Challenger,1547,ąkuma#yin,191,124,61,
Challenger,1543,Aagux#ARG,208,162,56,
Challenger,1536,Benjarrox#LAS,202,165,55,
Challenger,1521,howimfeelingnow5#008,224,158,59,
Challenger,1520,klss#1122,186,134,58,
Challenger,1508,martxd1#LAS2,413,371,53,
Challenger,1505,BLACK CAT#PIZZA,1509,1460,51,
Challenger,1501,Łavandina#3333,220,188,54,
Challenger,1500,wtfff#1106,328,293,53,
Challenger,1497,Eirily#Sashi,253,200,56,
Challenger,1496,Egotistic#DKDK,177,158,53,
Challenger,1494,Cat Paws#miau,127,84,60,UDP A
Challenger,1493,naﾔoﾍ#2205,262,240,52,
Challenger,1483,Endless Embrace#gabo,489,434,53,
Challenger,1483,Currents#0001,278,230,55,
Challenger,1481,vladsuo 2#CR7,248,207,55,
Challenger,1480,ToplaneDojo#COM,255,234,52,
Challenger,1477,DAT DarkiuZ#CDA,301,262,53,
Challenger,1477,throw#8888,276,194,59,
Challenger,1469,MarceSato#T T,367,336,52,DUOC
Challenger,1466,nNymph#LAS,365,330,53,
Challenger,1459,Kindless#0804,157,114,58,
Challenger,1458,Tillerman#LAS,362,341,51,UC C
Challenger,1449,SyvG#LAS,197,154,56,
Challenger,1448,ozempic#zzz,409,372,52,
Challenger,1447,BRIARKING 死#KING,437,373,54,
Challenger,1446,Breadwhatwhat#LAS,123,110,53,
Challenger,1444,ianshaka#6 1 9,100,38,72,
Challenger,1439,Lizardraw#uwu,271,228,54,
Challenger,1437,En El Suelo#7001,242,187,56,
Challenger,1434,Windstyle#PAPU,498,458,52,
Challenger,1434,Kiyopon#cold,220,188,54,
Challenger,1433,Dahlia#SADHH,274,221,55,
Challenger,1432,cosmic#已达成,176,96,65,
Challenger,1427,Ustanak#LAS,188,165,53,
Challenger,1426,God ryze#LAS,403,359,53,
Challenger,1426,KHADIKING#Toget,349,327,52,
Challenger,1426,Taunty#LAS,155,120,56,
Challenger,1423,Azy#X O,173,153,53,
Challenger,1415,pipe#aura,267,201,57,
Challenger,1412,MILEINISTA#LAS,337,299,53,
Challenger,1411,Joanchi#LAS,337,321,51,
Challenger,1409,engelsXD#1985,180,126,59,
Challenger,1407,Mellman#itu,203,187,52,
Challenger,1405,SlayerhZ#N01,233,194,55,
Challenger,1397,El Real Gato#LAS,288,227,56,
Challenger,1391,Lord#545,218,166,57,
Challenger,1383,Eritropoyetina#666,160,107,60,
Challenger,1373,Argonavth#LAS1,289,277,51,
Challenger,1372,Kieran#NC77,368,343,52,
Challenger,1370,Pyl#kkkk,295,224,57,
Challenger,1363,ByTobi#Adc,337,313,52,
Challenger,1362,格温糕手#baby,320,263,55,
Challenger,1359,Alowhed#MID,238,203,54,
Challenger,1358,donk666#1512,271,215,56,
Challenger,1354,Gablex#00001,166,137,55,
Challenger,1345,sasaki#kojid,267,248,52,
Challenger,1340,Łeø#zzz,280,248,53,
Challenger,1339,s h i l o h#hush魂,289,255,53,
Challenger,1337,Law#LAS1,382,354,52,
Challenger,1336,PascaI#LAS,212,172,55,
Challenger,1335,Neoh#LOL,156,120,57,
Challenger,1331,01100110#02132,423,391,52,
Challenger,1331,Upload#11011,270,256,51,
Challenger,1326,chk#rawr,371,325,53,
Challenger,1326,Dirmenzz#LAS,363,320,53,
Challenger,1325,Sebas Kayn#LAS,277,243,53,
Challenger,1324,BLING BLING#zzz,256,213,55,
Challenger,1323,washed as fk#000,262,235,53,
Challenger,1323,Mon#Nom,233,199,54,
Challenger,1321,1Crazy#LAS,208,174,54,
Challenger,1321,alice in madness#effy,188,146,56,
Challenger,1320,Zheyss#LAS,384,340,53,
Challenger,1320,Bobiquinn#RANK1,230,175,57,
Challenger,1318,EL TATA BASTIAN#LAS,551,518,52,
Challenger,1317,invierno eterno#zzz,214,137,61,
Challenger,1316,BACK CHALL IRL#777,351,259,58,
Challenger,1316,PawN#LAS1,265,241,52,
Challenger,1315,losing interest#even,191,162,54,
Challenger,1312,Fuyuko#SPK,428,365,54,
Challenger,1312,cruzitomix#cruz,184,123,60,
Grandmaster,1311,Dopa#JGAP,304,250,55,
Challenger,1308,Lao Shan Lung#MHG,142,115,55,
Challenger,1307,Sacachispas#LAS,397,362,52,
Challenger,1307,bachelorette#4483,272,219,55,
Challenger,1306,Hokitta#ZZZ,334,263,56,
Challenger,1306,Bjorgen#Bjorg,219,172,56,
Challenger,1304,Discipline Boy#LASSS,477,455,51,
Challenger,1301,pun pun sahur#aiko,406,386,51,
Challenger,1301,eat#tae,294,254,54,
Challenger,1299,Slow#9331,137,95,59,
Challenger,1298,Doggo#RANK1,217,158,58,
Challenger,1298,磅不能翻译英斤因为我的英斤就是磅#1709,112,69,62,
Challenger,1295,no feelings#Diana,251,236,52,
Challenger,1293,vyscenk#LAS,229,199,54,
Challenger,1292,Rin#LAS,193,154,56,
Challenger,1290,fede#9061,453,412,52,
Challenger,1290,haunt u#u x7,294,238,55,
Challenger,1288,Valhir 山羊#山羊山羊,228,206,53,
Challenger,1287,AEG L0s pixies#AEGIS,282,193,59,
Challenger,1287,Mayoozk#1323,195,172,53,
Grandmaster,1286,Đisastër#mau,343,301,53,
Challenger,1285,raxer#LAS,98,64,60,
Challenger,1284,yo nunca piérdo#3232,203,160,56,
Challenger,1283,Thxkzsa#gGDS,104,47,69,
Challenger,1282,Shia LaBeouf#7426,112,69,62,
Challenger,1281,daggers again#LAS,282,255,53,
Challenger,1281,Catastrophe#5700,233,211,52,
Challenger,1279,feng#ling1,472,437,52,
Challenger,1279,hazard de londor#7919,288,257,53,
Challenger,1279,cow#bored,206,163,56,DUOC
Challenger,1278,Camba Perro 1#LAS,142,98,59,
Challenger,1277,SITCOM#kmd,211,119,64,
Grandmaster,1277,miak#505am,254,220,54,
Grandmaster,1276,Saphe#Annie,229,180,56,
Challenger,1275,woloh#zzz,232,188,55,
Challenger,1274,Gonnder#Apoyo,179,131,58,
Challenger,1273,God of War 2#death,217,218,50,
Challenger,1273,Pup#Ups,182,134,58,
Challenger,1272,Sera#LOV3U,263,243,52,
Grandmaster,1271,PikaBoss#mvp,147,104,59,
Challenger,1269,Kimi#LAS7,201,181,53,
Challenger,1268,Xylo#LAS,240,222,52,
Challenger,1268,crybaby#mica,235,149,61,
Challenger,1266,Theluky20#HMHAS,213,187,53,
Grandmaster,1265,LUXURIA#65ثري,134,104,56,
Challenger,1261,Mat#URU,469,420,53,
Grandmaster,1249,Benjitapro2010#DAT,172,146,54,
Grandmaster,1249,Permox#6767,156,103,60,
Grandmaster,1244,csz#333,225,197,53,
Grandmaster,1244,Por〆mi gata Mïmẵ#Ángel,215,168,56,
Grandmaster,1244,solcitaah#madre,186,153,55,
Challenger,1243,Risuyu Krovyu#616,188,103,65,
Grandmaster,1243,Javifast#Dream,206,179,54,
Grandmaster,1241,maxi00#LAS,334,288,54,
Grandmaster,1240,White#화이트소울,180,149,55,
Grandmaster,1239,Ryuuhu#VENUS,91,53,63,
Grandmaster,1237,klausitoo#91218,450,393,53,
Grandmaster,1236,Garrido#Jesús,247,225,52,
Grandmaster,1235,Retrix#LAS,171,113,60,
Challenger,1234,Janna Valiente#UwU,193,163,54,
Grandmaster,1234,OTF Dioniso#LAS1,190,173,52,
Challenger,1233,Nmcp#uwu,108,79,58,
Grandmaster,1232,spivot#LAS,294,223,57,
Grandmaster,1231,Fidnaldinho#diaze,378,348,52,
Grandmaster,1230,EMZ300#LAS,341,334,51,
Grandmaster,1229,TorakK#THL,157,127,55,
Grandmaster,1226,Lorfa#LAS,549,488,53,
Grandmaster,1226,despreced#001,357,336,52,
Grandmaster,1225,DE CADENA GRUESA#PERRO,190,158,55,
Grandmaster,1223,Stargazer7#LAS,363,352,51,USM A
Grandmaster,1221,KSI vs LOGAN S8#LAS,612,589,51,
Grandmaster,1221,Botross#LAS,340,284,54,
Grandmaster,1214,BENEATH#heffy,195,152,56,
Grandmaster,1214,Bardito Chill E#Bardo,123,80,61,
Grandmaster,1212,Pasha#Flan,324,286,53,
Grandmaster,1211,alice in chains#1810,447,418,52,
Grandmaster,1210,rynegan#LAS,224,198,53,
Grandmaster,1209,Koelliu#111,487,466,51,UDP B
Grandmaster,1207,Kaii#adc,437,412,51,UNAB
Grandmaster,1206,elreydelpariiii#5141,278,231,55,
Grandmaster,1206,perroninjaa#LAS,184,126,59,
Challenger,1197,XschaduwX#Senju,355,313,53,
Grandmaster,1197,mi gatito thor#miau,396,339,54,
Grandmaster,1196,Shou#jae,637,615,51,
Grandmaster,1194,Tipo grande ya#old,189,134,59,
Grandmaster,1191,firulete#firul,254,188,57,
Grandmaster,1189,Dabli#LAS,246,213,54,
Grandmaster,1186,ValHälen#LAS,143,103,58,
Grandmaster,1178,Haurus#LAS,563,541,51,
Grandmaster,1176,Chupete Inside#chupt,292,270,52,
Grandmaster,1176,Rata de cloaca#LAS,197,169,54,
Grandmaster,1176,Anzús#LAS,185,133,58,
Grandmaster,1174,show your respec#d0wn,199,165,55,
Grandmaster,1170,L10WORLD#LAS,358,292,55,
Grandmaster,1167,Glimpse of Us#AKZ,168,132,56,
Grandmaster,1166,Do bronx#ARG,415,410,50,
Grandmaster,1166,Nibbamin#LACRA,294,262,53,UDP A
Grandmaster,1160,AGUANTE LA TIMBA#KURS,392,381,51,
Grandmaster,1160,LasKing#MAGNO,185,140,57,
Grandmaster,1159,noon#030,225,201,53,UDP B
Grandmaster,1150,Ryu Min seok#Crown,412,408,50,
Grandmaster,1149,InMential#LAS,218,172,56,
Grandmaster,1148,T o k y o#Empty,393,376,51,
Grandmaster,1147,M4thi#2615,284,276,51,
Grandmaster,1143,SCFräncØ#JJCU,331,265,56,
Grandmaster,1143,DGR Alankst#LAS,123,62,66,
Grandmaster,1143,lMartinCrack#LAS,116,63,65,
Grandmaster,1141,GetRektSai#YGG,301,291,51,
Grandmaster,1138,Llaveee#Llave,426,396,52,
Grandmaster,1131,XØz#LAS,243,212,53,
Grandmaster,1129,renku#CV01,418,417,50,
Grandmaster,1118,1Trym#LAS,256,230,53,
Grandmaster,1116,SpellCaster#020,309,265,54,
Grandmaster,1116,Wolf Ch#AUU,228,201,53,
Grandmaster,1113,carthus#420,195,123,61,
Grandmaster,1112,LÐM KØJI#LDMTV,267,200,57,
Grandmaster,1111,SLW#fist,157,46,77,
Grandmaster,1111,Osnel#LAS,132,117,53,
Grandmaster,1106,Œmi#LAS,177,126,58,
Grandmaster,1102,Víégó#Lzt02,350,342,51,
Grandmaster,1101,巛ζζ巛ζζ巛ζζ巛ζζ巛ζζ#巛巛巛巛巛,251,208,55,
Grandmaster,1101,Kroll1#Vöid,117,78,60,
Grandmaster,1098,taehyung biased#95x,116,81,59,
Grandmaster,1097,Tato#SSJ,626,602,51,
Grandmaster,1097,Leehag#LATAM,220,161,58,
Grandmaster,1097,Snottie#2021,156,90,63,
Grandmaster,1095,omega1160#jgl,575,558,51,
Grandmaster,1095,JasonTurbo#LOL,276,253,52,
Grandmaster,1095,Sunn Mond#LAS2,86,65,57,
Grandmaster,1090,neymar jr#1302,246,215,53,
Grandmaster,1090,daggerzz99#kat,169,48,78,
Grandmaster,1089,Kopp#LAS,227,206,52,
Grandmaster,1088,Conca#εïз,163,120,58,
Grandmaster,1087,Ingeniero Panzón#LAS,206,187,52,
Grandmaster,1086,sawken#swkn,285,254,53,
Grandmaster,1085,ninjaV1122#eko,259,212,55,
Grandmaster,1078,Tabeur#LAS,165,108,60,
Grandmaster,1075,Ulphurus#LAS,223,212,51,
Grandmaster,1074,NPG NukeduckFan#LAS,120,91,57,
Grandmaster,1073,Danklord#3363,618,591,51,
Grandmaster,1071,Pykee Towers#LAS,518,458,53,
Grandmaster,1071,Lovestruck#death,164,132,55,
Grandmaster,1070,Harvestt#zZzZ,205,166,55,
Grandmaster,1068,Lukes#nvm,127,108,54,USM A
Grandmaster,1068,Violet kiramman#100,115,74,61,
Grandmaster,1067,Zoudan#1310,191,140,58,
Grandmaster,1067,GODETO#001,140,97,59,
Grandmaster,1063,Clem#tisan,298,294,50,
Grandmaster,1061,Ëins#4444,143,112,56,
Grandmaster,1060,Light#RE4L,374,369,50,
Grandmaster,1059,peepoComfy#abcde,117,48,71,
Grandmaster,1056,check ur posture#Arise,194,157,55,
Grandmaster,1056,El Pixula#Crazy,98,77,56,Utem
Grandmaster,1054,ForAgustina#Alpha,317,270,54,
Grandmaster,1054,SirTiki#Noxus,145,114,56,
Grandmaster,1052,Vaelthorn#Nuu,196,181,52,
Grandmaster,1052,Tehon#LAS,195,168,54,
Grandmaster,1051,nanobkn#LAS,219,191,53,
Grandmaster,1048,エルキオン#2027,252,204,55,
Grandmaster,1047,shini#3451,196,159,55,
Grandmaster,1046,Chama#FCB,411,366,53,
Grandmaster,1045,Inusual#CVA,310,297,51,
Grandmaster,1045,Kbs#ARG,272,239,53,
Grandmaster,1045,ScooK#LAS1,187,161,54,
Grandmaster,1043,PLSSLPLSSLP#LAS,234,214,52,
Grandmaster,1041,Hide ón Nashe#God,164,143,53,
Grandmaster,1041,Zerius Black#ZAP,131,101,56,
Grandmaster,1040,NVT TAO#1V9,69,37,65,
Grandmaster,1039,1Dekkonstruido#zzz,212,177,54,
Grandmaster,1035,lol armagedon#LAS,286,260,52,
Grandmaster,1035,MLG Manolete #LAS,130,98,57,
Grandmaster,1035,martxd1#gato,85,52,62,
Grandmaster,1033,TEEJÆ x DiROL#369,158,128,55,
Grandmaster,1032,Mihira#Foley,353,339,51,
Grandmaster,1032,Otp Loba Andrade#Apexx,232,193,55,
Grandmaster,1031,Luqas#LATAM,428,370,54,
Grandmaster,1031,Run Simulator#GAP,284,254,53,
Grandmaster,1030,Embrasse moi#SBA,262,237,53,
Grandmaster,1026,Max Z#10000,234,175,57,
Grandmaster,1021,Patty Lover#000,410,381,52,
Grandmaster,1021,cachorrito#01H,337,307,52,
Grandmaster,1019,gatoKnight#SSW,411,397,51,
Grandmaster,1019,West Coast#ktt,211,168,56,
Grandmaster,1018,keinerrr#shy,384,354,52,
Grandmaster,1018,Ziiro1#LAS,180,129,58,
Grandmaster,1017,ou yeah#yeah,409,367,53,
Grandmaster,1017,RXZ#9999,367,352,51,
Grandmaster,1017,handmade heaven#letme,111,95,54,
Grandmaster,1015,Le Fred#POIO,263,225,54,
Grandmaster,1015,Metras#RFG,176,164,52,
Grandmaster,1013,Valuuuuuup#2358,558,540,51,
Grandmaster,1013,Maben#CLP,313,277,53,
Grandmaster,1013,Õsito Bõmbero#Swift,216,173,56,
Grandmaster,1011,Zap89#117,193,175,52,
Grandmaster,1011,Zeokon#LAS,161,144,53,
Grandmaster,1010,Astraeus#7074,758,739,51,
Grandmaster,1010,Dedo Gordo#ADC,403,397,50,
Grandmaster,1009,El Sharou#Shade,336,297,53,
Grandmaster,1007,MauriiGosh#LAS,177,155,53,
Grandmaster,1006,Shy#7214,305,247,55,
Grandmaster,1006,Gabriel Boric#TUL4,196,153,56,
Grandmaster,998,StyleDiff#smra,785,777,50,
Grandmaster,998,Insanity#VTC,295,234,56,
Grandmaster,997,DAT Stixen#TotJr,123,97,56,
Grandmaster,996,łKhåøšł#łłł,363,341,52,
Grandmaster,996,Mishu#Moon,276,273,50,
Grandmaster,996,Empanada De Pino#18S,149,127,54,
Grandmaster,996,lkijcyo#LAS,133,91,59,
Grandmaster,995,yu1o#0800,231,214,52,
Grandmaster,995,Velodante#LAS,211,175,55,
Grandmaster,994,Kill 愛#6589,220,155,59,
Grandmaster,993,Qin Shi Huang#Han,444,439,50,
Grandmaster,992,coche#LAS,277,264,51,
Grandmaster,990,Cantyon#受到懲罰,415,402,51,
Grandmaster,990,Basyke#PZ zz,200,160,56,
Grandmaster,989,Satou#fer,293,275,52,
Grandmaster,988,BladeBreaker#Riven,149,101,60,
Grandmaster,987,vixo#tulon,213,183,54,
Grandmaster,986,Rage of dust#LAS,196,169,54,
Grandmaster,986,Enten#phel,162,148,52,
Grandmaster,984,Samira Enjoyer#187cm,154,110,58,
Grandmaster,983,Zeta A#ZzzZ,263,213,55,
Grandmaster,982,DanteLol123#LAS,331,315,51,
Grandmaster,981,W1xh0#LAS,185,143,56,
Grandmaster,980,Ren Hakuryuu#Zagan,528,521,50,
Grandmaster,979,Ł Gante#KLK,244,209,54,
Grandmaster,979,Totouviedo#LAS,131,103,56,
Grandmaster,976,UNA BORRACHA QLA#LAS,179,134,57,
Grandmaster,976,Chisato Nishikig#SDLG,155,137,53,
Grandmaster,975,wotefokk#LAS,174,130,57,
Grandmaster,975,josefa7426170027#8272,89,44,67,
Grandmaster,974,General Noxiano#5270,334,274,55,
Grandmaster,974,noleasestogay#LAS,109,58,65,
Grandmaster,973,Eith#XDD,229,196,54,
Grandmaster,971,TimeIezz#LAS,596,565,51,
Grandmaster,969,Au Sol#Sun,424,374,53,
Grandmaster,969,Fax FLM#LAS,286,257,53,UDP B
Grandmaster,966,Mamihlapinatapai#MUSIC,211,204,51,
Grandmaster,966,raiko#CN1,143,116,55,
Grandmaster,965,Keixt#99999,457,432,51,
Grandmaster,965,Solcita εïз#kiss,129,113,53,
Grandmaster,964,JSK9#099,231,172,57,
Grandmaster,964,ShaytanHuntar#LAS,179,146,55,
Grandmaster,964,PATHETIC240PX#YOU,120,51,70,
Grandmaster,961,CULITO TUNEADO#YGS,658,649,50,
Grandmaster,960,Electro#GJV,382,353,52,
Grandmaster,960,Phinx#LAS1,312,276,53,
Grandmaster,960,Arctic#0312,218,199,52,
Grandmaster,960,Virus04#2308,156,140,53,
Grandmaster,959,Orbis#6585,266,271,50,
Grandmaster,958,ナンド#2002,285,263,52,
Grandmaster,958,DAT Bobiquinn#TWTV,236,205,54,
Grandmaster,958,Bot Volibear#LAS,228,169,57,
Grandmaster,958,Flute Spell#maqcs,170,129,57,
Grandmaster,957,ArminSTYLE#BARDO,249,195,56,
Grandmaster,957,esclavo de karin#monki,195,120,62,USM B
Grandmaster,957,Kofke yafu#42069,148,116,56,
Grandmaster,954,julips#419,236,207,53,
Grandmaster,953,Squixi#LAS,225,184,55,
Grandmaster,951,Paracetamol500Mg#6767,293,292,50,
Grandmaster,951,reincarnate#LAS1,176,82,68,
Grandmaster,949,Keria 1 Completo#LAS,253,245,51,
Grandmaster,949,naruki#000,226,185,55,
Grandmaster,949,Takehade#rawr,73,55,57,
Grandmaster,947,azu#25050,184,146,56,
Grandmaster,946,Dardoo#200kg,250,217,54,
Grandmaster,945,Finity#LAS,582,542,52,
Grandmaster,945,gasticapo360#CAI,174,101,63,
Grandmaster,945,Jah GmK#LAS,170,118,59,
Grandmaster,944,wonderless#1402,474,446,52,
Grandmaster,944,CarpeDiem#wavy,312,285,52,
Grandmaster,943,KmiKira#1102,223,212,51,
Grandmaster,943,DayBeats#1313,183,141,56,
Grandmaster,942,Poloox#LAS,157,122,56,
Grandmaster,941,EYES OF LIES#十   十,277,257,52,
Grandmaster,941,SabrinaCarpenter#FANN1,213,186,53,
Grandmaster,941,Спортивные очки#kled,138,131,51,
Grandmaster,940,GóticasAlDM#QLONA,164,130,56,
Grandmaster,939,saves#КR1,273,223,55,
Grandmaster,939,Fubukki#LAS,149,122,55,
Grandmaster,938,Joenix05#LAS,281,233,55,
Grandmaster,937,AndyDestroyer456#LAS,201,166,55,
Grandmaster,936,RNS Richeh#Gen,317,299,51,
Grandmaster,936,KICK Manolito#KICK,302,243,55,
Grandmaster,935,Kore#ビエゴ,357,317,53,
Grandmaster,935,arqdcaballero#LAS,223,204,52,
Grandmaster,934,iLay#PER,752,738,50,
Grandmaster,934,Uxie#14 02,156,122,56,
Grandmaster,934,aka#c20,100,80,56,
Grandmaster,933,T1 Yoshiki#LCK,295,248,54,
Grandmaster,932,JB TheVoice#QZZLS,420,415,50,
Grandmaster,932,mandarinas lover#UNL,253,216,54,
Grandmaster,931,WINKLAAR#LAS,300,269,53,
Grandmaster,931,RIP AND TEAR#333,296,261,53,
Grandmaster,931,QiyanaI#LAS,244,222,52,
Grandmaster,930,Waxopez#Fran,379,363,51,
Grandmaster,928,Guts#ベルセルク,528,520,50,
Grandmaster,928,Dorkja#LAS0,268,246,52,
Grandmaster,928,Verloren#Verlo,177,158,53,
Grandmaster,928,VCT Jojola#DCC,149,103,59,
Grandmaster,928,Ezkar#Rank1,139,118,54,
Grandmaster,927,after foe#iii,203,189,52,
Grandmaster,926,ninjaV2#ekko,197,162,55,
Grandmaster,926,WhodHod21#LAS,193,146,57,
Grandmaster,925,Nachitö#LAS,375,317,54,
Grandmaster,924,Muse#222,359,325,52,
Grandmaster,924,Halu#CL1,153,121,56,
Grandmaster,923,DaisyJuegaPorMi#Ivern,316,309,51,
Grandmaster,923,dEHuMAnizEd#susu,138,93,60,UCB
Grandmaster,923,FromScz#LAS,130,95,58,
Grandmaster,921,GuerrerØ ØniChan#las1,196,159,55,
Grandmaster,920,Urielnaug#PAIN,415,391,51,
Grandmaster,919,T F 1#LAS,75,61,55,
Grandmaster,918,Arqcko#PEPI,447,440,50,
Grandmaster,918,ーωー#3333,376,350,52,
Grandmaster,918,Fersito#01243,127,72,64,
Grandmaster,916,Barcovasurero#LASS,350,335,51,
Grandmaster,915,I am a F3tus#1245,440,419,51,
Grandmaster,915,ypparcS#jeje,318,308,51,
Grandmaster,914,RaeKyo#247,350,329,52,
Grandmaster,913,LIELESSS#LAS,269,259,51,
Grandmaster,912,nico el guerrero#LAS,568,520,52,
Grandmaster,912,IRanko#BVBV,255,224,53,
Grandmaster,912,king kunta#tptab,126,90,58,
Grandmaster,910,Noew#BMTH,369,352,51,
Grandmaster,910,Chidorixe#LAS,290,248,54,
Grandmaster,910,Guille#SyG,231,202,53,
Grandmaster,910,blazeCrash#Blaze,113,85,57,
Grandmaster,909,rrFz#LAS1,415,405,51,
Grandmaster,909,xander#017,169,148,53,LUE
Grandmaster,909,Sincerely#Brook,148,118,56,
Grandmaster,908,Duny#LAS,264,257,51,
Grandmaster,908,Joaqueenhate#JKGLV,131,102,56,
Grandmaster,907,get you the moon#XYZ,250,195,56,
Grandmaster,906,Kiiz#6x31,214,204,51,
Grandmaster,906,Morgan#Sini,157,121,56,
Grandmaster,905,Haru#LASS,452,441,51,
Grandmaster,904,Désiré Doué#3105,267,237,53,
Grandmaster,904,xtherbox#LAS,162,122,57,
Grandmaster,903,KeigniRaffisti#1084,99,45,69,
Grandmaster,902,YetaProGamer777#777,386,363,52,
Grandmaster,902,373#ruby,288,285,50,USM B
Grandmaster,901,Resets#CHL,443,408,52,
Grandmaster,901,jeldres#LAS,91,46,66,
Grandmaster,900,MrTnZz#LAS,337,306,52,
Grandmaster,899,vladiii1#min,359,316,53,
Grandmaster,898,rasputteemo#LAS,155,122,56,
Grandmaster,898,rich n handsome#jere,68,48,59,
Grandmaster,897,state of trance#asot,345,320,52,
Grandmaster,897,API Zagittarius#GOAT,255,217,54,
Grandmaster,897,Ben Kenobi#JEDl,92,66,58,
Grandmaster,896,NOKIEROJUGARMASS#LAS,263,215,55,
Grandmaster,896,BenjaUwUr#OwO,257,218,54,
Grandmaster,896,T4skk#LAS,228,184,55,
Grandmaster,896,ViperX#VPX,178,141,56,
Grandmaster,896,GTCJR#Nicky,112,93,55,UNAB C
Grandmaster,895,Yulkey#LAS,337,337,50,
Grandmaster,894,YaszZz#アトミック,222,187,54,
Grandmaster,892,ScaredOfWomen21#1313,352,332,51,
Grandmaster,891,Scapegoat#ZOOM,663,604,52,
Grandmaster,891,AEG PaShen#AEG,260,168,61,UNAB B
Grandmaster,891,Ghost#18655,256,217,54,
Grandmaster,890,Hotchester#야스오,246,241,51,
Grandmaster,889,ReIentIess#LAS,325,321,50,
Grandmaster,885,Luxray#zzz,460,438,51,
Grandmaster,883,hongoYontararak#yerin,219,191,53,
Grandmaster,882,Jewman#zzz,332,286,54,
Grandmaster,882,Shirou Ogami#1111,214,201,52,
Grandmaster,882,Carbunclo#LAS,189,168,53,
Grandmaster,881,DAngeflow#Sebax,335,314,52,USM A
Grandmaster,881,lolreset02#LAS,220,183,55,
Grandmaster,881,lanka2015#LAS,128,108,54,
Grandmaster,879,GranMasterop123#LAS,198,159,55,
Grandmaster,879,Vlad of Soara#Avito,112,70,62,
Grandmaster,878,Fleyro#LAS,290,261,53,
Grandmaster,877,visionary#619,267,280,49,
Grandmaster,877,Fix10#0098,184,147,56,
Grandmaster,876,Don Kayn#LAS,460,390,54,
Grandmaster,876,Zuu#LAS,299,255,54,
Grandmaster,876,Luv sic#Z77,52,32,62,
Grandmaster,875,Nhz Frozono#Las,245,240,51,
Grandmaster,875,Skinner Enjoyer#UNMSM,199,138,59,
Grandmaster,874,Foolish#RNG,252,235,52,
Grandmaster,873,Wos#eze,183,154,54,
Grandmaster,872,Drink Tea#LAS,259,216,55,
Grandmaster,870,Cocolatitto#ISLAค,297,277,52,
Grandmaster,868,lnRainbows#LAS,180,145,55,
Grandmaster,866,Astephante#LAS,370,382,49,
Grandmaster,865,Nat#Cults,306,310,50,
Grandmaster,865,Santa Ana#GLCFF,153,133,53,
Grandmaster,864,Ðızzy#Ðızzy,510,490,51,
Grandmaster,864,cL ë a n#klin,191,158,55,
Grandmaster,864,Stab#Dodge,109,91,55,
Grandmaster,863,カミロ#あいしてる,376,367,51,
Grandmaster,863,10007993#LAS,265,255,51,
Grandmaster,863,Botswan#LAS,190,174,52,
Grandmaster,863,MykeTowers#TTT,161,129,56,
Grandmaster,862,tamara#HAHAH,267,224,54,
Grandmaster,861,Key#Top,223,164,58,
Grandmaster,860,SHR UZI#LAS1,204,180,53,
Grandmaster,860,Candyman#LAS,170,135,56,
Grandmaster,860,xeb#gulp,125,87,59,
Grandmaster,859,neon#AiAiA,416,394,51,
Grandmaster,859,tigrelel#LAS,293,266,52,
Grandmaster,859,xYunh#Time,234,199,54,
Grandmaster,858,RIUQ16#LAS,515,484,52,
Grandmaster,857,PerruchoMaster#GAAAA,807,776,51,
Grandmaster,857,la kaisa feder#LAS,261,236,53,
Grandmaster,857,Hide On Void#VeruK,137,122,53,
Grandmaster,856,BenjaPJ#67420,418,402,51,
Grandmaster,856,chiquillo#chya,357,362,50,
Grandmaster,856,OnêShot#LAS,168,138,55,
Grandmaster,854,Jaquez#ARS,520,471,52,
Grandmaster,854,Hange#HNG,210,192,52,
Grandmaster,854,MΛNTYX#615,193,155,55,
Grandmaster,853,TeemoSKF#LAS,169,71,70,
Grandmaster,852,Brooklyn#ILNYC,326,311,51,
Grandmaster,851,Wind Tempest#RKMAN,261,250,51,
Grandmaster,850,Nizco#LAS1,402,358,53,
Grandmaster,850,xXporotosXx#LAS,337,312,52,
Grandmaster,849,Angell#7996,255,218,54,
Grandmaster,848,UNICORN ON K#X 1,224,173,56,
Grandmaster,848,Top especialista#Huma,207,167,55,
Grandmaster,848,nocreoenlasuerte#Небес,187,143,57,
Grandmaster,847,Goro Akechi#2706,182,142,56,
Grandmaster,847,dazbee#star,77,47,62,
Grandmaster,846,RICHARD NO TOPEA#FRIO,168,113,60,
Grandmaster,846,Amiguiito#LAS,119,90,57,
Grandmaster,845,fuzza#999,307,238,56,
Grandmaster,843,Mati#003,482,471,51,
Grandmaster,843,Society#12732,260,236,52,
Grandmaster,843,cold visions#JAJAJ,161,128,56,
Grandmaster,843,Pori#069,154,105,59,
Grandmaster,843,Chefsito on Bush#LAS,154,108,59,
Grandmaster,840,N0NI N0NI#LAS,364,335,52,
Grandmaster,840,Anhedonia#STR,208,159,57,
Grandmaster,839,Dakoh#Dios,315,318,50,
Grandmaster,839,L9 BANDIO#LAS,262,195,57,
Grandmaster,837,Zeil#1GOD,237,226,51,
Grandmaster,836,YOUNG THUG#RED,361,333,52,
Grandmaster,836,SnowTwinkHOTTTTT#YESSS,138,82,63,
Grandmaster,835,AK Daniehw ツメ#AkT,355,349,50,
Grandmaster,835,Valhalla#valla,236,195,55,
Grandmaster,834,APPCESAR#UwU,282,264,52,
Grandmaster,834,Zuyo#IDK,232,211,52,
Grandmaster,834,IGNACIO VARAS#LAURA,70,54,56,
Grandmaster,832,Decø#LAS,293,280,51,
Grandmaster,831,ribernan#LAS,123,41,75,
Grandmaster,830,DariOmega8#LAS,211,190,53,
Grandmaster,829,Jettatore#LAS,392,351,53,
Grandmaster,829,evil twink#Luxxx,234,215,52,
Grandmaster,829,Godsui#LAS,199,172,54,
Grandmaster,829,Shin GwenWengcha#vsnt,183,165,53,
Grandmaster,828,Ludwing#111,319,285,53,
Grandmaster,828,swag#MAD,246,200,55,
Grandmaster,826,32059060#LAS,308,267,54,
Grandmaster,826,Dhek#1234,294,268,52,
Grandmaster,826,Luciano Vietto#019,104,88,54,
Grandmaster,825,RE CHANCHITO MAL#LFTOV,349,328,52,
Grandmaster,825,gatitagolosa#miau,309,261,54,
Grandmaster,825,rodrico#LAS,265,244,52,
Grandmaster,825,SaulGoodGank#BCS,238,197,55,
Grandmaster,825,MrPapafrita#DUNK,133,117,53,
Grandmaster,825,nofi#LAS,98,65,60,
Grandmaster,824,23Didikong#LAS,107,82,57,
Grandmaster,824,Ｐａｗｊｏｂｐｒｉｎｃｅｓｓ#6949,60,27,69,
Grandmaster,823,ambarトライ#heart,229,206,53,
Grandmaster,823,PabloCSB#LAS,188,158,54,
Grandmaster,823,Ohmyshibal#oms,173,128,57,
Grandmaster,823,probando#pro,156,120,57,
Grandmaster,822,Itherael#DIV,173,164,51,
Grandmaster,822,DaserI#LAS,143,109,57,
Grandmaster,821,Mad Alfi#LAS,308,293,51,
Grandmaster,821,kevin mides#PDR,267,254,51,
Grandmaster,821,RYL Wh1t3zZ#卡布奇诺,104,81,56,
Grandmaster,820,Sheik#8096,455,428,52,
Grandmaster,820,Bailarín Brígido#LAS,108,80,57,
Grandmaster,819,HEYHEYHEYY#xo xo,199,157,56,
Grandmaster,818,Cønte#JgGap,335,338,50,
Grandmaster,818,k0yac#zzz,247,224,52,
Grandmaster,818,Кевин#十十十,171,165,51,
Grandmaster,817,Minun#bloom,527,493,52,
Grandmaster,817,dark soul 144#LAS,167,120,58,
Grandmaster,816,Ruxz#CARC,288,266,52,
Grandmaster,816,vicen2lenist#1096,248,220,53,
Grandmaster,816,recién pajeadito#xdd,181,135,57,
Grandmaster,815,dlb#222,401,382,51,
Grandmaster,815,NIÑO MARGARINA#OTP,186,139,57,
Grandmaster,815,Corsa#LAS,167,143,54,
Grandmaster,814,Ultraviolence#LAS1,341,286,54,
Grandmaster,814,ZaoD#TLOZ,207,172,55,
Grandmaster,814,I am who I am#YHWH,191,176,52,
Grandmaster,812,ST Lucianairo#LAS,330,320,51,
Grandmaster,812,tda#0507,98,67,59,
Grandmaster,811,Rompo#DOPA,606,579,51,
Grandmaster,811,maruo#LPA,470,460,51,
Grandmaster,811,NNSS#999,206,192,52,
Grandmaster,811,MajestykLegend#ADC,65,43,60,
Grandmaster,810,Vozinha#Deus,200,178,53,
Grandmaster,809,Eduardo Vargas#UCHI,162,125,56,
Grandmaster,809,Relenus#LAS1,156,136,53,
Grandmaster,808,Gitano#TFate,339,329,51,
Grandmaster,808,Th3 Lobizon#LAS,159,142,53,
Grandmaster,806,UfPipa#LAS,146,123,54,
Grandmaster,806,Säwy Esdeath#LAS,128,108,54,
Grandmaster,806,Metraxiz#LAS,114,100,53,
Grandmaster,806,Maskin117#LAS,82,51,62,
Grandmaster,805,Gtraxsus#LAS,445,396,53,
Grandmaster,805,SKYT#SKYT1,364,308,54,
Grandmaster,805,Kick Zeeka#Live,336,318,51,
Grandmaster,805,Piyinoli#LAS,235,218,52,
Grandmaster,805,Ñandú#snsc,106,67,61,UDP B
Grandmaster,803,deletee#114,439,408,52,
Grandmaster,800,UvasSinPeppa#1755,379,364,51,
Grandmaster,800,Ralph Merkle#LAS,217,168,56,
Grandmaster,799,Charles Aránguiz#UCHI,226,199,53,
Grandmaster,799,01BGMMP#MEDIA,218,162,57,
Grandmaster,799,Akszeeel#LAS,197,156,56,
Grandmaster,799,Linker#Josec,150,136,52,
Grandmaster,799,NoMeFuncionaLaR#FASIL,143,96,60,
Grandmaster,799,SpiritCarry#dani,127,109,54,
Grandmaster,797,DEMICHELIS LCDTM#TND,279,244,53,
Grandmaster,796,KYORYU#Last,168,148,53,
Grandmaster,796,Jarro Plumaluz#Ezeta,146,102,59,
Grandmaster,795,Mockingbird#SZA,384,348,52,
Grandmaster,795,Cląry#Zoe,131,92,59,
Grandmaster,795,Astral#AS63,90,56,62,
Grandmaster,794,Kendo#LAS1,192,170,53,
Grandmaster,794,Nehito#LAS,110,97,53,
Grandmaster,793,Amasawa Ichika#LAS1,414,383,52,
Grandmaster,792,drantral12#LAS,299,271,52,
Grandmaster,789,Tuskar#LAS,246,250,50,
Grandmaster,787,WatonaHiyoko#kari,295,285,51,
Grandmaster,783,DisciplinedUrgot#Über,174,166,51,
Grandmaster,771,Khadam#1311,323,318,50,
Grandmaster,755,CristoSeVinoEnMi#LAS,355,340,51,
Grandmaster,750,Pigmento#pena,347,314,52,
Grandmaster,745,CHILLツKaRaSS#CHILL,404,369,52,
Grandmaster,728,Ásphy#人生死,363,319,53,
Grandmaster,719,Altek#LAS,378,371,50,
Grandmaster,712,RigobertoAquileo#118,166,145,53,
Grandmaster,700,PoweredBy1NZ#TRD,746,739,50,
Grandmaster,678,EIektra#uwu,450,457,50,
Grandmaster,676,SewerBoy#BRO,136,110,55,
